{"cameraMode":{"drawMode":0,"name":"Shaded","section":"Shading Mode"},"sceneLighting":false,"audioPlay":false,"sceneViewState":{"showFog":true,"showMaterialUpdate":false,"showSkybox":true,"showFlares":true,"showImageEffects":true,"showParticleSystems":true},"in2DMode":false,"pivot":{"x":6.669918060302734,"y":-1.3421398401260377,"z":-9.000005722045899},"rotation":{"x":-0.21443544328212739,"y":-0.6295733451843262,"z":0.18671514093875886,"w":-0.7230468988418579},"size":60.2917366027832,"orthographic":false}